dc:identifier,eid,dc:title,dc:creator,prism:publicationName,prism:isbn,prism:pageRange,prism:coverDate,prism:coverDisplayDate,prism:doi,citedby-count,affiliation,prism:aggregationType,subtype,subtypeDescription,source-id,openaccess,openaccessFlag,Scopus_ID,Author_name,prism:eIssn,prism:volume,freetoread,freetoreadLabel,prism:issueIdentifier,article-number,pubmed-id,prism:issn,pii
SCOPUS_ID:85143694709,2-s2.0-85143694709,Analysis of social networks publications for stock market movement prediction: methodology and case study in a Spanish-speaking country,Bustos O.,"2022 Congreso Internacional de Innovacion y Tendencias en Ingenieria, CONIITI 2022 - Conference Proceedings","[{'@_fa': 'true', '$': '9781665465250'}]",,2022-01-01,2022,10.1109/CONIITI57704.2022.9953669,0,"[{'@_fa': 'true', 'affilname': 'Pontificia Universidad Javeriana', 'affiliation-city': 'Bogota', 'affiliation-country': 'Colombia'}]",Conference Proceeding,cp,Conference Paper,21101125305,0,False,24832026300,Pomares Quimbaya Alexandra ,,,,,,,,,
SCOPUS_ID:85141453261,2-s2.0-85141453261,Hybrid Onion Layered System for the Analysis of Collective Subjectivity in Social Networks,Moreno-Sandoval L.G.,IEEE Access,,115435-115468,2022-01-01,2022,10.1109/ACCESS.2022.3217467,0,"[{'@_fa': 'true', 'affilname': 'Pontificia Universidad Javeriana', 'affiliation-city': 'Bogota', 'affiliation-country': 'Colombia'}]",Journal,ar,Article,21100374601,1,True,24832026300,Pomares Quimbaya Alexandra ,21693536,10,"{'value': [{'$': 'all'}, {'$': 'publisherfullgold'}]}","{'value': [{'$': 'All Open Access'}, {'$': 'Gold'}]}",,,,,
SCOPUS_ID:85113437805,2-s2.0-85113437805,Celebrity profiling through linguistic analysis of digital social networks,Moreno-Sandoval L.G.,Computational Social Networks,,,2021-12-01,December 2021,10.1186/s40649-021-00097-w,2,"[{'@_fa': 'true', 'affilname': 'Pontificia Universidad Javeriana', 'affiliation-city': 'Bogota', 'affiliation-country': 'Colombia'}, {'@_fa': 'true', 'affilname': 'Colombian Center of Excellence and Appropriation on Big Data and Data Analytics (CAOBA)', 'affiliation-city': 'Bogota', 'affiliation-country': 'Colombia'}]",Journal,ar,Article,21100870845,1,True,24832026300,Pomares Quimbaya Alexandra ,21974314,8,"{'value': [{'$': 'all'}, {'$': 'publisherhybridgold'}]}","{'value': [{'$': 'All Open Access'}, {'$': 'Hybrid Gold'}]}",1,16,,,
SCOPUS_ID:85107238076,2-s2.0-85107238076,Transfer learning for classifying Spanish and english text by clinical specialties,Pomares-Quimbaya A.,Public Health and Informatics: Proceedings of MIE 2021,"[{'@_fa': 'true', '$': '9781643681856'}, {'@_fa': 'true', '$': '9781643681849'}]",377-381,2021-07-01,1 July 2021,10.3233/SHTI210184,1,"[{'@_fa': 'true', 'affilname': 'Pontificia Universidad Javeriana', 'affiliation-city': 'Bogota', 'affiliation-country': 'Colombia'}]",Book,ch,Book Chapter,21101061290,1,True,24832026300,Pomares Quimbaya Alexandra ,,,"{'value': [{'$': 'all'}, {'$': 'publisherhybridgold'}]}","{'value': [{'$': 'All Open Access'}, {'$': 'Hybrid Gold'}]}",,,34042769,,
SCOPUS_ID:85100533991,2-s2.0-85100533991,Detection of Sociolinguistic Features in Digital Social Networks for the Detection of Communities,Puertas E.,Cognitive Computation,,518-537,2021-03-01,March 2021,10.1007/s12559-021-09818-9,3,"[{'@_fa': 'true', 'affilname': 'Universidad Tecnológica de Bolívar', 'affiliation-city': 'Cartagena', 'affiliation-country': 'Colombia'}, {'@_fa': 'true', 'affilname': 'Pontificia Universidad Javeriana', 'affiliation-city': 'Bogota', 'affiliation-country': 'Colombia'}]",Journal,ar,Article,19400158515,0,False,24832026300,Pomares Quimbaya Alexandra ,18669964,13,,,2,,,18669956,
SCOPUS_ID:85084329548,2-s2.0-85084329548,Stock market movement forecast: A Systematic review,Bustos O.,Expert Systems with Applications,,,2020-10-15,15 October 2020,10.1016/j.eswa.2020.113464,87,"[{'@_fa': 'true', 'affilname': 'Pontificia Universidad Javeriana', 'affiliation-city': 'Bogota', 'affiliation-country': 'Colombia'}]",Journal,re,Review,24201,0,False,24832026300,Pomares Quimbaya Alexandra ,,156,,,,113464,,09574174,S0957417420302888
SCOPUS_ID:85086910702,2-s2.0-85086910702,Leveraging PubMed to create a specialty-based sense inventory for Spanish acronym resolution,Pomares-Quimbaya A.,Studies in Health Technology and Informatics,"[{'@_fa': 'true', '$': '9781643680828'}]",292-296,2020-06-16,16 June 2020,10.3233/SHTI200169,1,"[{'@_fa': 'true', 'affilname': 'Pontificia Universidad Javeriana', 'affiliation-city': 'Bogota', 'affiliation-country': 'Colombia'}]",Book Series,cp,Conference Paper,19582,0,False,24832026300,Pomares Quimbaya Alexandra ,18798365,270,,,,,32570393,09269630,
SCOPUS_ID:85121794424,2-s2.0-85121794424,"Assembly of polarity, emotion and user statistics for detection of fake profiles Notebook for PAN at CLEF 2020",Moreno-Sandoval L.G.,CEUR Workshop Proceedings,,,2020-01-01,2020,,0,"[{'@_fa': 'true', 'affilname': 'Pontificia Universidad Javeriana', 'affiliation-city': 'Bogota', 'affiliation-country': 'Colombia'}, {'@_fa': 'true', 'affilname': 'Center of Excellence and Appropriation in Big Data and Data Analytics (CAOBA)', 'affiliation-city': None, 'affiliation-country': None}]",Conference Proceeding,cp,Conference Paper,21100218356,0,False,24832026300,Pomares Quimbaya Alexandra ,,2696,,,,,,16130073,
SCOPUS_ID:85137544530,2-s2.0-85137544530,Concept attribute labeling and context-aware named entity recognition in electronic health records,Pomares-Quimbaya A.,"Data Analytics in Medicine: Concepts, Methodologies, Tools, and Applications","[{'@_fa': 'true', '$': '9781799812050'}, {'@_fa': 'true', '$': '9781799812043'}]",325-339,2019-12-06,6 December 2019,10.4018/978-1-7998-1204-3.ch017,0,"[{'@_fa': 'true', 'affilname': 'Pontificia Universidad Javeriana', 'affiliation-city': 'Bogota', 'affiliation-country': 'Colombia'}]",Book,ch,Book Chapter,21101106181,0,False,24832026300,Pomares Quimbaya Alexandra ,,1,,,,,,,
SCOPUS_ID:85072546722,2-s2.0-85072546722,Development and Evaluation of a Serious Game for Teaching ICD-10 Diagnosis Coding to Medical Students,Agudelo-Londoño S.,Games for Health Journal,,349-356,2019-10-01,October 2019,10.1089/g4h.2018.0101,4,"[{'@_fa': 'true', 'affilname': 'Pontificia Universidad Javeriana', 'affiliation-city': 'Bogota', 'affiliation-country': 'Colombia'}]",Journal,ar,Article,21100775590,0,False,24832026300,Pomares Quimbaya Alexandra ,21617856,8,,,5,,31166817,2161783X,
SCOPUS_ID:85070105013,2-s2.0-85070105013,Current approaches to identify sections within clinical narratives from electronic health records: a systematic review,Pomares-Quimbaya A.,BMC medical research methodology,,155,2019-07-18,18 July 2019,10.1186/s12874-019-0792-y,28,"[{'@_fa': 'true', 'affilname': 'Pontificia Universidad Javeriana', 'affiliation-city': 'Bogota', 'affiliation-country': 'Colombia'}]",Journal,ar,Article,28110,1,True,24832026300,Pomares Quimbaya Alexandra ,14712288,19,"{'value': [{'$': 'all'}, {'$': 'publisherfullgold'}, {'$': 'repository'}, {'$': 'repositoryvor'}]}","{'value': [{'$': 'All Open Access'}, {'$': 'Gold'}, {'$': 'Green'}]}",1,155,31319802,,
SCOPUS_ID:85073762380,2-s2.0-85073762380,A systematic review about serious games for medical education. The role of effective design,Agudelo-Londoño S.,Revista Cubana de Educacion Medica Superior,,,2019-04-01,April-June 2019,,1,"[{'@_fa': 'true', 'affilname': 'Pontificia Universidad Javeriana', 'affiliation-city': 'Bogota', 'affiliation-country': 'Colombia'}]",Journal,re,Review,5000160208,0,False,24832026300,Pomares Quimbaya Alexandra ,15612902,33,,,2,e1679,,08642141,
SCOPUS_ID:85070517749,2-s2.0-85070517749,Celebrity profiling on twitter using sociolinguistic features notebook for PAN at CLEF 2019,Moreno-Sandoval L.G.,CEUR Workshop Proceedings,,,2019-01-01,2019,,1,"[{'@_fa': 'true', 'affilname': 'Pontificia Universidad Javeriana', 'affiliation-city': 'Bogota', 'affiliation-country': 'Colombia'}, {'@_fa': 'true', 'affilname': 'Center of Excellence and Appropriation in Big Data and Data Analytics (CAOBA)', 'affiliation-city': None, 'affiliation-country': 'Colombia'}]",Conference Proceeding,cp,Conference Paper,21100218356,0,False,24832026300,Pomares Quimbaya Alexandra ,,2380,,,,,,16130073,
SCOPUS_ID:85070510020,2-s2.0-85070510020,Bots and gender profiling on twitter using sociolinguistic features notebook for PAN at CLEF 2019,Puertas E.,CEUR Workshop Proceedings,,,2019-01-01,2019,,3,"[{'@_fa': 'true', 'affilname': 'Universidad Tecnológica de Bolívar', 'affiliation-city': 'Cartagena', 'affiliation-country': 'Colombia'}, {'@_fa': 'true', 'affilname': 'Pontificia Universidad Javeriana', 'affiliation-city': 'Bogota', 'affiliation-country': 'Colombia'}, {'@_fa': 'true', 'affilname': 'Center of Excellence and Appropriation in Big Data and Data Analytics (CAOBA)', 'affiliation-city': None, 'affiliation-country': 'Colombia'}]",Conference Proceeding,cp,Conference Paper,21100218356,0,False,24832026300,Pomares Quimbaya Alexandra ,,2380,,,,,,16130073,
SCOPUS_ID:85048243414,2-s2.0-85048243414,Automatic evaluation of the adherence to recommendations for managing heart failure from the electronic health records: The EXEMED tool,Muñoz Velandia O.M.,Revista Colombiana de Cardiologia,,321-326,2018-09-01,September - October 2018,10.1016/j.rccar.2018.01.005,0,"[{'@_fa': 'true', 'affilname': 'Pontificia Universidad Javeriana', 'affiliation-city': 'Bogota', 'affiliation-country': 'Colombia'}]",Journal,ar,Article,12100154912,1,True,24832026300,Pomares Quimbaya Alexandra ,,25,"{'value': [{'$': 'all'}, {'$': 'publisherfullgold'}]}","{'value': [{'$': 'All Open Access'}, {'$': 'Gold'}]}",5,,,01205633,S0120563318300858
SCOPUS_ID:85047350056,2-s2.0-85047350056,A comparison between SVM and multilayer perceptron in predicting an emerging financial market: Colombian stock market,Bustos O.,"2017 Congreso Internacional de Innovacion y Tendencias en Ingenieria, CONIITI 2017 - Conference Proceedings","[{'@_fa': 'true', '$': '9781538606247'}]",1-6,2018-01-29,29 January 2018,10.1109/CONIITI.2017.8273335,7,"[{'@_fa': 'true', 'affilname': 'Pontificia Universidad Javeriana', 'affiliation-city': 'Bogota', 'affiliation-country': 'Colombia'}]",Conference Proceeding,cp,Conference Paper,21100861063,0,False,24832026300,Pomares Quimbaya Alexandra ,,2018-January,,,,,,,
SCOPUS_ID:85054377708,2-s2.0-85054377708,An automatic approach to generate corpus in Spanish,Puertas E.,Communications in Computer and Information Science,"[{'@_fa': 'true', '$': '9783319989976'}]",150-161,2018-01-01,2018,10.1007/978-3-319-98998-3_12,0,"[{'@_fa': 'true', 'affilname': 'Universidad Tecnológica de Bolívar', 'affiliation-city': 'Cartagena', 'affiliation-country': 'Colombia'}, {'@_fa': 'true', 'affilname': 'Pontificia Universidad Javeriana', 'affiliation-city': 'Bogota', 'affiliation-country': 'Colombia'}, {'@_fa': 'true', 'affilname': 'Colombian Center of Excellence and Appropriation on Big Data and Data Analytics (CAOBA)', 'affiliation-city': 'Bogota', 'affiliation-country': 'Colombia'}]",Book Series,cp,Conference Paper,17700155007,0,False,24832026300,Pomares Quimbaya Alexandra ,,885,,,,,,18650929,
SCOPUS_ID:85053210883,2-s2.0-85053210883,Spanish Twitter data used as a source of information about consumer food choice,Moreno-Sandoval L.G.,Lecture Notes in Computer Science (including subseries Lecture Notes in Artificial Intelligence and Lecture Notes in Bioinformatics),"[{'@_fa': 'true', '$': '9783319997391'}]",134-146,2018-01-01,2018,10.1007/978-3-319-99740-7_9,7,"[{'@_fa': 'true', 'affilname': 'Pontificia Universidad Javeriana', 'affiliation-city': 'Bogota', 'affiliation-country': 'Colombia'}, {'@_fa': 'true', 'affilname': 'Colombian Center of Excellence and Appropriation on Big Data and Data Analytics (CAOBA)', 'affiliation-city': 'Bogota', 'affiliation-country': 'Colombia'}]",Book Series,cp,Conference Paper,25674,0,False,24832026300,Pomares Quimbaya Alexandra ,16113349,11015 LNCS,"{'value': [{'$': 'all'}, {'$': 'repository'}, {'$': 'repositoryam'}]}","{'value': [{'$': 'All Open Access'}, {'$': 'Green'}]}",,,,03029743,
SCOPUS_ID:85042690309,2-s2.0-85042690309,A systematic review of serious games in medical education: quality of evidence and pedagogical strategy,Gorbanev I.,Medical Education Online,,,2018-01-01,1 January 2018,10.1080/10872981.2018.1438718,142,"[{'@_fa': 'true', 'affilname': 'Pontificia Universidad Javeriana', 'affiliation-city': 'Bogota', 'affiliation-country': 'Colombia'}]",Journal,re,Review,19700174688,1,True,24832026300,Pomares Quimbaya Alexandra ,10872981,23,"{'value': [{'$': 'all'}, {'$': 'publisherfullgold'}, {'$': 'repository'}, {'$': 'repositoryvor'}]}","{'value': [{'$': 'All Open Access'}, {'$': 'Gold'}, {'$': 'Green'}]}",1,1438718,29457760,,
SCOPUS_ID:85040027740,2-s2.0-85040027740,A strategy for prioritizing electronic medical records using structured analysis and natural language processing,Pomares-Quimbaya A.,Ingenieria y Universidad,,7-31,2018-01-01,January-June 2018,10.11144/Javeriana.iyu22-1.spem,4,"[{'@_fa': 'true', 'affilname': 'Pontificia Universidad Javeriana', 'affiliation-city': 'Bogota', 'affiliation-country': 'Colombia'}]",Journal,ar,Article,19700186845,1,True,24832026300,Pomares Quimbaya Alexandra ,20112769,22,"{'value': [{'$': 'all'}, {'$': 'publisherfullgold'}, {'$': 'repository'}, {'$': 'repositoryvor'}, {'$': 'repositoryam'}]}","{'value': [{'$': 'All Open Access'}, {'$': 'Gold'}, {'$': 'Green'}]}",1,,,01232126,
SCOPUS_ID:85028891408,2-s2.0-85028891408,Constructor automático de modelos dominios sin corpus preexistente,Puertas Del Castillo E.A.,Procesamiento del Lenguaje Natural,,129-132,2017-09-01,September 2017,,1,"[{'@_fa': 'true', 'affilname': 'Pontificia Universidad Javeriana', 'affiliation-city': 'Bogota', 'affiliation-country': 'Colombia'}]",Journal,ar,Article,21100195304,0,False,24832026300,Pomares Quimbaya Alexandra ,19897553,59,,,,,,11355948,
SCOPUS_ID:85028890710,2-s2.0-85028890710,Development of a Digital Segmentation and Profiling System,Vargas-Cruz J.,Procesamiento del Lenguaje Natural,,163-166,2017-09-01,September 2017,,2,"[{'@_fa': 'true', 'affilname': 'Pontificia Universidad Javeriana', 'affiliation-city': 'Bogota', 'affiliation-country': 'Colombia'}]",Journal,ar,Article,21100195304,0,False,24832026300,Pomares Quimbaya Alexandra ,19897553,59,,,,,,11355948,
SCOPUS_ID:85055592014,2-s2.0-85055592014,LABAS-TS A system for assisting labeling of training sets for text classification,Sierra-Múnera A.,"IC3K 2017 - Proceedings of the 9th International Joint Conference on Knowledge Discovery, Knowledge Engineering and Knowledge Management","[{'@_fa': 'true', '$': '9789897582738'}]",174-180,2017-01-01,2017,10.5220/0006504901740180,0,"[{'@_fa': 'true', 'affilname': 'Hospital Universitario San Ignacio', 'affiliation-city': 'Bogota', 'affiliation-country': 'Colombia'}, {'@_fa': 'true', 'affilname': 'Pontificia Universidad Javeriana', 'affiliation-city': 'Bogota', 'affiliation-country': 'Colombia'}]",Conference Proceeding,cp,Conference Paper,21100883330,1,True,24832026300,Pomares Quimbaya Alexandra ,,3,"{'value': [{'$': 'all'}, {'$': 'publisherhybridgold'}, {'$': 'repository'}, {'$': 'repositoryam'}]}","{'value': [{'$': 'All Open Access'}, {'$': 'Hybrid Gold'}, {'$': 'Green'}]}",,,,,
SCOPUS_ID:85152966596,2-s2.0-85152966596,Towards the implementation of ISFET sensors for in-situ and real-time chemical analyses in soils: A practical review,Archbold G.,Computers and Electronics in Agriculture,,,2023-06-01,June 2023,10.1016/j.compag.2023.107828,0,"[{'@_fa': 'true', 'affilname': 'Pontificia Universidad Javeriana', 'affiliation-city': 'Bogota', 'affiliation-country': 'Colombia'}, {'@_fa': 'true', 'affilname': 'Universiteit Gent', 'affiliation-city': 'Ghent', 'affiliation-country': 'Belgium'}, {'@_fa': 'true', 'affilname': 'Corporación del Laboratorio al Campo', 'affiliation-city': 'San Andres Island', 'affiliation-country': 'Colombia'}]",Journal,re,Review,30441,0,False,57212998692,Carlos Andres Parra Acevedo,,209,,,,107828,,01681699,S0168169923002168
SCOPUS_ID:85142682869,2-s2.0-85142682869,ALPY PLUS - Adaptive Model Oriented to Pathway Planning in Virtual Learning System,Henriquez-Nunez Y.,Communications in Computer and Information Science,"[{'@_fa': 'true', '$': '9783031199509'}]",83-100,2022-01-01,2022,10.1007/978-3-031-19951-6_6,0,"[{'@_fa': 'true', 'affilname': 'Universidad Tecnológica de Bolívar', 'affiliation-city': 'Cartagena', 'affiliation-country': 'Colombia'}, {'@_fa': 'true', 'affilname': 'Pontificia Universidad Javeriana', 'affiliation-city': 'Bogota', 'affiliation-country': 'Colombia'}]",Book Series,cp,Conference Paper,17700155007,0,False,57212998692,Carlos Andres Parra Acevedo,18650937,1594 CCIS,,,,,,18650929,
SCOPUS_ID:85131923557,2-s2.0-85131923557,Complex Object Detection Using Light-Field Plenoptic Camera,Correa E.S.,Communications in Computer and Information Science,"[{'@_fa': 'true', '$': '9783031070044'}]",119-133,2022-01-01,2022,10.1007/978-3-031-07005-1_12,0,"[{'@_fa': 'true', 'affilname': 'Pontificia Universidad Javeriana', 'affiliation-city': 'Bogota', 'affiliation-country': 'Colombia'}]",Book Series,cp,Conference Paper,17700155007,0,False,57212998692,Carlos Andres Parra Acevedo,18650937,1576 CCIS,,,,,,18650929,
SCOPUS_ID:85100676022,2-s2.0-85100676022,Akasha: Custom Application to Support Elementary Geometry Learning First-Grade Children in Colombia,Ramos Marroquin A.,"Technology, Knowledge and Learning",,733-762,2021-12-01,December 2021,10.1007/s10758-021-09497-3,1,"[{'@_fa': 'true', 'affilname': 'Pontificia Universidad Javeriana', 'affiliation-city': 'Bogota', 'affiliation-country': 'Colombia'}]",Journal,ar,Article,19700200832,0,False,57212998692,Carlos Andres Parra Acevedo,22111670,26,,,4,,,22111662,
SCOPUS_ID:85109585981,2-s2.0-85109585981,Machine learning for surgical time prediction,Martinez O.,Computer Methods and Programs in Biomedicine,,,2021-09-01,September 2021,10.1016/j.cmpb.2021.106220,11,"[{'@_fa': 'true', 'affilname': 'Pontificia Universidad Javeriana', 'affiliation-city': 'Bogota', 'affiliation-country': 'Colombia'}]",Journal,ar,Article,23604,0,False,57212998692,Carlos Andres Parra Acevedo,18727565,208,"{'value': [{'$': 'all'}, {'$': 'repository'}, {'$': 'repositoryam'}]}","{'value': [{'$': 'All Open Access'}, {'$': 'Green'}]}",,106220,34161848,01692607,S0169260721002947
SCOPUS_ID:85107265883,2-s2.0-85107265883,Embbedded system-on-chip 3d localization and mapping—esoc-slam,Gerlein E.A.,Electronics (Switzerland),,,2021-06-02,2 June 2021,10.3390/electronics10121378,1,"[{'@_fa': 'true', 'affilname': 'Pontificia Universidad Javeriana', 'affiliation-city': 'Bogota', 'affiliation-country': 'Colombia'}]",Journal,ar,Article,21100829272,1,True,57212998692,Carlos Andres Parra Acevedo,20799292,10,"{'value': [{'$': 'all'}, {'$': 'publisherfullgold'}]}","{'value': [{'$': 'All Open Access'}, {'$': 'Gold'}]}",12,1378,,,
SCOPUS_ID:85101564426,2-s2.0-85101564426,A decision framework reference for ISFET sensor-based electronic systems design for agriculture industry applications,Taylor G.A.,"2020 IEEE 17th India Council International Conference, INDICON 2020","[{'@_fa': 'true', '$': '9781728169163'}]",,2020-12-10,10 December 2020,10.1109/INDICON49873.2020.9342231,3,"[{'@_fa': 'true', 'affilname': 'Pontificia Universidad Javeriana', 'affiliation-city': 'Bogota', 'affiliation-country': 'Colombia'}]",Conference Proceeding,cp,Conference Paper,21101039051,0,False,57212998692,Carlos Andres Parra Acevedo,,,,,,9342231,,,
SCOPUS_ID:85101636027,2-s2.0-85101636027,Eibelec: Proposed adaptive system for the dairy ecosystem,Ballesteros-Ricaurte J.A.,RISTI - Revista Iberica de Sistemas e Tecnologias de Informacao,,1-14,2020-12-01,December 2020,,0,"[{'@_fa': 'true', 'affilname': 'Universidad Pedagógica y Tecnológica de Colombia', 'affiliation-city': 'Tunja', 'affiliation-country': 'Colombia'}, {'@_fa': 'true', 'affilname': 'Pontificia Universidad Javeriana', 'affiliation-city': 'Bogota', 'affiliation-country': 'Colombia'}]",Journal,ar,Article,21100197714,0,False,57212998692,Carlos Andres Parra Acevedo,,2020,,,E38,,,16469895,
SCOPUS_ID:85086902566,2-s2.0-85086902566,Cooperative and distributed decision-making in a multi-agent perception system for improvised land mines detection,Florez-Lozano J.,Information Fusion,,32-49,2020-12-01,December 2020,10.1016/j.inffus.2020.06.009,14,"[{'@_fa': 'true', 'affilname': 'Pontificia Universidad Javeriana', 'affiliation-city': 'Bogota', 'affiliation-country': 'Colombia'}]",Journal,ar,Article,26099,0,False,57212998692,Carlos Andres Parra Acevedo,,64,"{'value': [{'$': 'all'}, {'$': 'repository'}, {'$': 'repositoryvor'}]}","{'value': [{'$': 'All Open Access'}, {'$': 'Green'}]}",,,,15662535,S1566253520303067
SCOPUS_ID:85090788357,2-s2.0-85090788357,Training Data Set Assessment for Decision-Making in a Multiagent Landmine Detection Platform,Florez-Lozano J.,"2020 IEEE Congress on Evolutionary Computation, CEC 2020 - Conference Proceedings","[{'@_fa': 'true', '$': '9781728169293'}]",,2020-07-01,July 2020,10.1109/CEC48606.2020.9185686,2,"[{'@_fa': 'true', 'affilname': 'Pontificia Universidad Javeriana', 'affiliation-city': 'Bogota', 'affiliation-country': 'Colombia'}]",Conference Proceeding,cp,Conference Paper,21101022900,0,False,57212998692,Carlos Andres Parra Acevedo,,,"{'value': [{'$': 'all'}, {'$': 'repository'}, {'$': 'repositoryam'}]}","{'value': [{'$': 'All Open Access'}, {'$': 'Green'}]}",,9185686,,,
SCOPUS_ID:85070305863,2-s2.0-85070305863,Zeuss: a personalized tool for grammatical-construction learning,Mendoza M.J.,International Journal of Web Information Systems,,1-22,2020-04-17,17 Apr 2020,10.1108/IJWIS-03-2019-0009,2,"[{'@_fa': 'true', 'affilname': 'Pontificia Universidad Javeriana', 'affiliation-city': 'Bogota', 'affiliation-country': 'Colombia'}]",Journal,ar,Article,21100200660,0,False,57212998692,Carlos Andres Parra Acevedo,17440092,16,,,1,,,17440084,
SCOPUS_ID:85090782698,2-s2.0-85090782698,A Robust Decision-Making Framework Based on Collaborative Agents,Florez-Lozano J.M.,IEEE Access,,150974-150988,2020-01-01,2020,10.1109/ACCESS.2020.3016784,7,"[{'@_fa': 'true', 'affilname': 'Pontificia Universidad Javeriana', 'affiliation-city': 'Bogota', 'affiliation-country': 'Colombia'}]",Journal,ar,Article,21100374601,1,True,57212998692,Carlos Andres Parra Acevedo,21693536,8,"{'value': [{'$': 'all'}, {'$': 'publisherfullgold'}, {'$': 'repository'}, {'$': 'repositoryam'}]}","{'value': [{'$': 'All Open Access'}, {'$': 'Gold'}, {'$': 'Green'}]}",,9167404,,,
SCOPUS_ID:85071502455,2-s2.0-85071502455,Robotic theater: An architecture for competency based learning,González E.,Advances in Intelligent Systems and Computing,"[{'@_fa': 'true', '$': '9783030269449'}]",126-137,2020-01-01,2020,10.1007/978-3-030-26945-6_12,2,"[{'@_fa': 'true', 'affilname': 'Pontificia Universidad Javeriana', 'affiliation-city': 'Bogota', 'affiliation-country': 'Colombia'}]",Book Series,cp,Conference Paper,5100152904,0,False,57212998692,Carlos Andres Parra Acevedo,21945365,1023,,,,,,21945357,
SCOPUS_ID:85074986273,2-s2.0-85074986273,PH Measurement IoT System for Precision Agriculture Applications,Archbold Taylor G.,IEEE Latin America Transactions,,823-832,2019-05-01,May 2019,10.1109/TLA.2019.8891951,18,"[{'@_fa': 'true', 'affilname': 'Pontificia Universidad Javeriana', 'affiliation-city': 'Bogota', 'affiliation-country': 'Colombia'}, {'@_fa': 'true', 'affilname': 'Universiteit Gent', 'affiliation-city': 'Ghent', 'affiliation-country': 'Belgium'}]",Journal,ar,Article,19700181218,0,False,57212998692,Carlos Andres Parra Acevedo,15480992,17,,,5,8891951,,,
SCOPUS_ID:85067116861,2-s2.0-85067116861,Development of diagnostic skills in dentistry students using gamified virtual patients,Sanchez S.J.M.,CSEDU 2019 - Proceedings of the 11th International Conference on Computer Supported Education,"[{'@_fa': 'true', '$': '9789897583674'}]",124-133,2019-01-01,2019,10.5220/0007708001240133,2,"[{'@_fa': 'true', 'affilname': 'Pontificia Universidad Javeriana', 'affiliation-city': 'Bogota', 'affiliation-country': 'Colombia'}]",Conference Proceeding,cp,Conference Paper,21100911310,1,True,57212998692,Carlos Andres Parra Acevedo,,1,"{'value': [{'$': 'all'}, {'$': 'publisherhybridgold'}]}","{'value': [{'$': 'All Open Access'}, {'$': 'Hybrid Gold'}]}",,,,,
SCOPUS_ID:85059031490,2-s2.0-85059031490,Adaptive system to support decision-making of dairy ecosystem in Boyacá department,Ballesteros-Ricaurte J.A.,WEBIST 2018 - Proceedings of the 14th International Conference on Web Information Systems and Technologies,"[{'@_fa': 'true', '$': '9789897583247'}]",253-260,2018-01-01,2018,10.5220/0006947502530260,2,"[{'@_fa': 'true', 'affilname': 'Universidad Pedagógica y Tecnológica de Colombia', 'affiliation-city': 'Tunja', 'affiliation-country': 'Colombia'}, {'@_fa': 'true', 'affilname': 'Pontificia Universidad Javeriana', 'affiliation-city': 'Bogota', 'affiliation-country': 'Colombia'}]",Conference Proceeding,cp,Conference Paper,21100892576,1,True,57212998692,Carlos Andres Parra Acevedo,,,"{'value': [{'$': 'all'}, {'$': 'publisherhybridgold'}]}","{'value': [{'$': 'All Open Access'}, {'$': 'Hybrid Gold'}]}",,,,,
SCOPUS_ID:85150260379,2-s2.0-85150260379,Sesenta años de una Facultad expresados en veinte años de una revista: Sección Especial Monográfica Universitas Psychologica,Valente J.B.,Universitas Psychologica,,,2022-01-01,2022,10.11144/Javeriana.upsy21.safe,0,"[{'@_fa': 'true', 'affilname': 'Pontificia Universidad Javeriana', 'affiliation-city': 'Bogota', 'affiliation-country': 'Colombia'}]",Journal,ar,Article,7500153128,1,True,20436581100,"Burbano Valente, Johanna",20112777,21,"{'value': [{'$': 'all'}, {'$': 'publisherfullgold'}]}","{'value': [{'$': 'All Open Access'}, {'$': 'Gold'}]}",,,,16579267,
SCOPUS_ID:85069720746,2-s2.0-85069720746,"Masculinities at play. A sociocultural approach to the practices of risky riding among male motorcyclists in Valledupar, Colombia",Torres-Quintero A.,Journal of Transport and Health,,,2019-09-01,1 September 2019,10.1016/j.jth.2019.100599,5,"[{'@_fa': 'true', 'affilname': 'Pontificia Universidad Javeriana', 'affiliation-city': 'Bogota', 'affiliation-country': 'Colombia'}]",Journal,ar,Article,21100310028,0,False,20436581100,"Burbano Valente, Johanna",,14,,,,100599,,22141405,S2214140519301124
SCOPUS_ID:85068708536,2-s2.0-85068708536,Masculinities in transit: The voices of motorcyclists,Burbano-Valente J.,Masculinities and Social Change,,145-170,2019-01-01,2019,10.17583/MCS.2019.3933,1,"[{'@_fa': 'true', 'affilname': 'Pontificia Universidad Javeriana', 'affiliation-city': 'Bogota', 'affiliation-country': 'Colombia'}]",Journal,ar,Article,21100444326,1,True,20436581100,"Burbano Valente, Johanna",20143605,8,"{'value': [{'$': 'all'}, {'$': 'publisherfullgold'}, {'$': 'repository'}, {'$': 'repositoryam'}]}","{'value': [{'$': 'All Open Access'}, {'$': 'Gold'}, {'$': 'Green'}]}",2,,,,
SCOPUS_ID:84897935819,2-s2.0-84897935819,Collective Logics in Publc Transport for passengers in Bogotá,Valente J.B.,Universitas Psychologica,,1049-1059,2013-01-01,2013,10.11144/Javeriana.UPSY12-4.lcsp,0,"[{'@_fa': 'true', 'affilname': 'Pontificia Universidad Javeriana', 'affiliation-city': 'Bogota', 'affiliation-country': 'Colombia'}]",Journal,ar,Article,7500153128,1,True,20436581100,"Burbano Valente, Johanna",,12,"{'value': [{'$': 'all'}, {'$': 'publisherfree2read'}]}","{'value': [{'$': 'All Open Access'}, {'$': 'Bronze'}]}",4,,,16579267,
SCOPUS_ID:34548329687,2-s2.0-34548329687,Speed Traps: Cultural analysis of two institutions,Pardo C.F.,Universitas Psychologica,,131-142,2007-01-01,January 2007,,1,"[{'@_fa': 'true', 'affilname': 'Pontificia Universidad Javeriana', 'affiliation-city': 'Bogota', 'affiliation-country': 'Colombia'}]",Journal,ar,Article,7500153128,0,False,20436581100,"Burbano Valente, Johanna",,6,,,1,,,16579267,
SCOPUS_ID:85111955407,2-s2.0-85111955407,Social representations on justice: A comparative study in Colombian schoolchildren,Gutiérrez-Romero M.F.,Revista de Psicologia (Peru),,655-686,2021-01-01,2021,10.18800/PSICO.202102.006,0,"[{'@_fa': 'true', 'affilname': 'Pontificia Universidad Javeriana', 'affiliation-city': 'Bogota', 'affiliation-country': 'Colombia'}]",Journal,re,Review,21100469663,1,True,57226563089,"Escobar Altare, Andrea Paola",22233733,39,"{'value': [{'$': 'all'}, {'$': 'publisherfullgold'}, {'$': 'repository'}, {'$': 'repositoryam'}]}","{'value': [{'$': 'All Open Access'}, {'$': 'Gold'}, {'$': 'Green'}]}",2,,,02549247,
SCOPUS_ID:85150252274,2-s2.0-85150252274,Telepsychology in an University Psychological Care Center during COVID-19: Consultants and Students’ Experiences,Llamas T.C.,Universitas Psychologica,,,2022-01-01,2022,10.11144/Javeriana.upsy21.tcap,0,"[{'@_fa': 'true', 'affilname': 'Pontificia Universidad Javeriana', 'affiliation-city': 'Bogota', 'affiliation-country': 'Colombia'}]",Journal,ar,Article,7500153128,1,True,57215079697,"Escobar Altare, Andrea Paola",20112777,21,"{'value': [{'$': 'all'}, {'$': 'publisherfullgold'}]}","{'value': [{'$': 'All Open Access'}, {'$': 'Gold'}]}",,,,16579267,
SCOPUS_ID:85103132925,2-s2.0-85103132925,Design of a Questionnaire for Psychosocial and Complaint Characterisation in University Psychological Assistance Centres,Llamas T.C.,Universitas Psychologica,,1-12,2020-01-01,2020,10.11144/Javeriana.upsy19.dccp,0,"[{'@_fa': 'true', 'affilname': 'Pontificia Universidad Javeriana', 'affiliation-city': 'Bogota', 'affiliation-country': 'Colombia'}]",Journal,ar,Article,7500153128,1,True,57215079697,"Escobar Altare, Andrea Paola",20112777,19,"{'value': [{'$': 'all'}, {'$': 'publisherfree2read'}]}","{'value': [{'$': 'All Open Access'}, {'$': 'Bronze'}]}",,,,16579267,
SCOPUS_ID:85079860028,2-s2.0-85079860028,Psychosocial characterization and reasons for consultation of the population attending 28 University Centers for psychological care in Colombia,Llamas T.C.,Universitas Psychologica,,1-23,2019-01-01,2019,10.11144/Javeriana.upsy18-4.cpmc,2,"[{'@_fa': 'true', 'affilname': 'Pontificia Universidad Javeriana', 'affiliation-city': 'Bogota', 'affiliation-country': 'Colombia'}]",Journal,ar,Article,7500153128,1,True,57215079697,"Escobar Altare, Andrea Paola",20112777,18,"{'value': [{'$': 'all'}, {'$': 'publisherfree2read'}]}","{'value': [{'$': 'All Open Access'}, {'$': 'Bronze'}]}",4,,,16579267,
SCOPUS_ID:85083788256,2-s2.0-85083788256,Integration of narration and argumentation in the retelling of narrative texts,Gutiérrez M.F.,OCNOS,,22-31,2020-01-01,2020,10.18239/ocnos_2020.19.1.2131,1,"[{'@_fa': 'true', 'affilname': 'Pontificia Universidad Javeriana', 'affiliation-city': 'Bogota', 'affiliation-country': 'Colombia'}]",Journal,ar,Article,19900191944,1,True,57216526998,"Escobar Altare, Andrea Paola",22549099,19,"{'value': [{'$': 'all'}, {'$': 'publisherfullgold'}, {'$': 'repository'}, {'$': 'repositoryam'}]}","{'value': [{'$': 'All Open Access'}, {'$': 'Gold'}, {'$': 'Green'}]}",1,,,1885446X,
SCOPUS_ID:46749136785,2-s2.0-46749136785,An approximation to the characterization of psychic atmosphere as a psychic development factor in pregnant teenagers,Torres N.,Universitas Psychologica,,283-296,2008-01-01,January 2008,,0,"[{'@_fa': 'true', 'affilname': 'Pontificia Universidad Javeriana', 'affiliation-city': 'Bogota', 'affiliation-country': 'Colombia'}, {'@_fa': 'true', 'affilname': 'Facultad de Psicología', 'affiliation-city': 'Bogota', 'affiliation-country': 'Colombia'}]",Journal,ar,Article,7500153128,0,False,24462330500,"Santacoloma Giraldo, Andres",,7,,,1,,,16579267,
SCOPUS_ID:33646377143,2-s2.0-33646377143,"Functional analysis of game behaviour cases in children and youth at Bogotá, Colombia",Ballesteros B.P.,Adicciones,,73-86,2006-01-01,2006,10.20882/adicciones.357,2,"[{'@_fa': 'true', 'affilname': 'Pontificia Universidad Javeriana', 'affiliation-city': 'Bogota', 'affiliation-country': 'Colombia'}]",Journal,ar,Article,24767,1,True,13403648000,"Garcia Padilla, Dennys del Rocio",,18,"{'value': [{'$': 'all'}, {'$': 'publisherfree2read'}, {'$': 'repository'}, {'$': 'repositoryam'}]}","{'value': [{'$': 'All Open Access'}, {'$': 'Bronze'}, {'$': 'Green'}]}",1,,,02144840,
SCOPUS_ID:85160369840,2-s2.0-85160369840,Analysing the artefacts to produce an education of quality: From the disciple to the customer in a Colombian university,Pulido-Martínez H.C.,Neoliberalism and Subjectivity in Latin America,"[{'@_fa': 'true', '$': '9783031178559'}, {'@_fa': 'true', '$': '9783031178542'}]",77-95,2022-10-28,28 October 2022,10.1007/978-3-031-17855-9_6,0,"[{'@_fa': 'true', 'affilname': 'Pontificia Universidad Javeriana', 'affiliation-city': 'Bogota', 'affiliation-country': 'Colombia'}]",Book,ch,Book Chapter,21101154229,0,False,20436488200,"Pulido Martinez, Hernan Camilo",,,,,,,,,
SCOPUS_ID:85075383830,2-s2.0-85075383830,Analysing the artefacts to produce an education of quality: from the disciple to the customer in a Colombian university,Pulido-Martínez H.C.,Subjectivity,,352-370,2019-12-01,1 December 2019,10.1057/s41286-019-00081-w,0,"[{'@_fa': 'true', 'affilname': 'Pontificia Universidad Javeriana', 'affiliation-city': 'Bogota', 'affiliation-country': 'Colombia'}]",Journal,ar,Article,19900188288,0,False,20436488200,"Pulido Martinez, Hernan Camilo",1755635X,12,,,4,,,17556341,
SCOPUS_ID:85066118075,2-s2.0-85066118075,Geopolitics of psychological knowledge and psychosocial risk: Reproducing subordination by means of graduate and undergraduate theses,Pulido-Martínez H.,Psykhe,,1-16,2019-01-01,2019,10.7764/psykhe.27.2.1198,0,"[{'@_fa': 'true', 'affilname': 'Pontificia Universidad Javeriana', 'affiliation-city': 'Bogota', 'affiliation-country': 'Colombia'}]",Journal,ar,Article,12700154743,1,True,20436488200,"Pulido Martinez, Hernan Camilo",07182228,28,"{'value': [{'$': 'all'}, {'$': 'publisherfree2read'}, {'$': 'repository'}, {'$': 'repositoryvor'}]}","{'value': [{'$': 'All Open Access'}, {'$': 'Bronze'}, {'$': 'Green'}]}",1,,,07170297,
SCOPUS_ID:85034999456,2-s2.0-85034999456,"Between psychologies, practices and decentering: Or on the constitution of psychologists' subjectivity",Martínez H.C.P.,Psicoperspectivas,,99-109,2017-01-01,2017,10.5027/psicoperspectivas-vol16-issue3-fulltext-1078,1,"[{'@_fa': 'true', 'affilname': 'Pontificia Universidad Javeriana', 'affiliation-city': 'Bogota', 'affiliation-country': 'Colombia'}]",Journal,ar,Article,21100793178,1,True,20436488200,"Pulido Martinez, Hernan Camilo",07186924,16,"{'value': [{'$': 'all'}, {'$': 'publisherfullgold'}, {'$': 'repository'}, {'$': 'repositoryvor'}, {'$': 'repositoryam'}]}","{'value': [{'$': 'All Open Access'}, {'$': 'Gold'}, {'$': 'Green'}]}",3,,,,
SCOPUS_ID:85009455605,2-s2.0-85009455605,On the relationship between psychology and work in the light of its colonial dimensions,Pulido Martínez H.,Estudos de Psicologia (Campinas),,5-14,2017-01-01,January-March 2017,10.1590/1982-02752017000100002,1,"[{'@_fa': 'true', 'affilname': 'Pontificia Universidad Javeriana', 'affiliation-city': 'Bogota', 'affiliation-country': 'Colombia'}]",Journal,ar,Article,21100416194,1,True,20436488200,"Pulido Martinez, Hernan Camilo",19820275,34,"{'value': [{'$': 'all'}, {'$': 'publisherfullgold'}, {'$': 'repository'}, {'$': 'repositoryam'}]}","{'value': [{'$': 'All Open Access'}, {'$': 'Gold'}, {'$': 'Green'}]}",1,,,0103166X,
SCOPUS_ID:85120967280,2-s2.0-85120967280,El “museo de la psicología” como estrategia para la construcción de la historia oral de la psicología,Martínez H.C.P.,Universitas Psychologica,,1905-1917,2014-01-01,2014,10.11144/Javeriana.upsy13-5.mpec,0,"[{'@_fa': 'true', 'affilname': 'Pontificia Universidad Javeriana', 'affiliation-city': 'Bogota', 'affiliation-country': 'Colombia'}]",Journal,ar,Article,7500153128,1,True,20436488200,"Pulido Martinez, Hernan Camilo",20112777,13,"{'value': [{'$': 'all'}, {'$': 'publisherfree2read'}, {'$': 'repository'}, {'$': 'repositoryam'}]}","{'value': [{'$': 'All Open Access'}, {'$': 'Bronze'}, {'$': 'Green'}]}",5,,,16579267,
SCOPUS_ID:85011394818,2-s2.0-85011394818,From internal questions to international problems: On the contemporary critiques to the personnel selection procesess,Pulido-Martínez H.C.,Psicoperspectivas,,30-40,2014-01-01,2014,10.5027/PSICOPERSPECTIVAS-VOL13-ISSUE1-FULLTEXT-487,1,"[{'@_fa': 'true', 'affilname': 'Pontificia Universidad Javeriana', 'affiliation-city': 'Bogota', 'affiliation-country': 'Colombia'}]",Journal,ar,Article,21100793178,0,False,20436488200,"Pulido Martinez, Hernan Camilo",07186924,13,,,3,,,,
SCOPUS_ID:84918523758,2-s2.0-84918523758,"Pathologization and depathologization of the ""free worker"" in terms of the psycho-social risk",Martínez H.C.P.,International Journal of Psychological Research,,76-84,2014-01-01,2014,10.21500/20112084.660,0,"[{'@_fa': 'true', 'affilname': 'Pontificia Universidad Javeriana', 'affiliation-city': 'Bogota', 'affiliation-country': 'Colombia'}]",Journal,re,Review,21100200401,1,True,20436488200,"Pulido Martinez, Hernan Camilo",20117922,7,"{'value': [{'$': 'all'}, {'$': 'publisherfullgold'}, {'$': 'repository'}, {'$': 'repositoryvor'}, {'$': 'repositoryam'}]}","{'value': [{'$': 'All Open Access'}, {'$': 'Gold'}, {'$': 'Green'}]}",2,,,20112084,
SCOPUS_ID:84897929482,2-s2.0-84897929482,"...So, what is critique? On the relationships between psychology and the world of work",Pulido-Martínez H.C.,Universitas Psychologica,,1355-1368,2013-01-01,2013,10.11144/Javeriana.UPSY12-4.rpmt,8,"[{'@_fa': 'true', 'affilname': 'Pontificia Universidad Javeriana', 'affiliation-city': 'Bogota', 'affiliation-country': 'Colombia'}]",Journal,ar,Article,7500153128,1,True,20436488200,"Pulido Martinez, Hernan Camilo",,12,"{'value': [{'$': 'all'}, {'$': 'publisherfree2read'}]}","{'value': [{'$': 'All Open Access'}, {'$': 'Bronze'}]}",4,,,16579267,
SCOPUS_ID:84877988375,2-s2.0-84877988375,"Research on identity at, for and by work in Latin America,as a critical exercise about the world of work",Pulido-Martínez H.,Psykhe,,77-85,2012-01-01,November 2013,10.7764/psykhe.21.2.546,7,"[{'@_fa': 'true', 'affilname': 'Pontificia Universidad Javeriana', 'affiliation-city': 'Bogota', 'affiliation-country': 'Colombia'}]",Journal,ar,Article,12700154743,1,True,20436488200,"Pulido Martinez, Hernan Camilo",07182228,21,"{'value': [{'$': 'all'}, {'$': 'publisherfullgold'}, {'$': 'repository'}, {'$': 'repositoryvor'}]}","{'value': [{'$': 'All Open Access'}, {'$': 'Gold'}, {'$': 'Green'}]}",2,,,07170297,
SCOPUS_ID:83755178694,2-s2.0-83755178694,"Building a common sense within the human resource management department of a university hospital in bogota, colombia",Pulido-Martínez H.C.,Universitas Psychologica,,595-607,2011-01-01,May/August 2011,10.11144/javeriana.upsy10-2.cscd,1,"[{'@_fa': 'true', 'affilname': 'Pontificia Universidad Javeriana', 'affiliation-city': 'Bogota', 'affiliation-country': 'Colombia'}]",Journal,ar,Article,7500153128,1,True,20436488200,"Pulido Martinez, Hernan Camilo",,10,"{'value': [{'$': 'all'}, {'$': 'publisherfree2read'}, {'$': 'repository'}, {'$': 'repositoryam'}]}","{'value': [{'$': 'All Open Access'}, {'$': 'Bronze'}, {'$': 'Green'}]}",2,,,16579267,
SCOPUS_ID:77954238811,2-s2.0-77954238811,Psychological knowledge for the governance of the South,Pulido-Martinez H.,Critical Perspectives on International Business,,177-189,2010-07-08,2010,10.1108/17422041011049987,9,"[{'@_fa': 'true', 'affilname': 'Pontificia Universidad Javeriana', 'affiliation-city': 'Bogota', 'affiliation-country': 'Colombia'}]",Journal,ar,Article,145294,0,False,20436488200,"Pulido Martinez, Hernan Camilo",,6,,,2,,,17422043,
SCOPUS_ID:77952068776,2-s2.0-77952068776,The winding flow of crítical psychology: A conversation with Teresa Cabruja Ubach,Pulido-Martínez H.,Universitas Psychologica,,583-600,2009-12-01,2009,,0,"[{'@_fa': 'true', 'affilname': 'Pontificia Universidad Javeriana', 'affiliation-city': 'Bogota', 'affiliation-country': 'Colombia'}]",Journal,ar,Article,7500153128,0,False,20436488200,"Pulido Martinez, Hernan Camilo",,8,,,3,,,16579267,
SCOPUS_ID:34548390638,2-s2.0-34548390638,Producing modern workers: Psychological knowledge and the world of work in the south,Pulido-Martínez H.,Universitas Psychologica,,27-37,2007-01-01,January 2007,,39,"[{'@_fa': 'true', 'affilname': 'Pontificia Universidad Javeriana', 'affiliation-city': 'Bogota', 'affiliation-country': 'Colombia'}, {'@_fa': 'true', 'affilname': 'Cardiff University', 'affiliation-city': 'Cardiff', 'affiliation-country': 'United Kingdom'}]",Journal,ar,Article,7500153128,0,False,20436488200,"Pulido Martinez, Hernan Camilo",,6,,,1,,,16579267,
SCOPUS_ID:85111597172,2-s2.0-85111597172,Scaffolding for peacebuilding dialogues: A relational perspective of peace education in countries with sociopolitical violence.,Giovanni Aguilar I.,Peace and Conflict,,136-145,2021-01-01,2021,10.1037/pac0000542,0,"[{'@_fa': 'true', 'affilname': 'Pontificia Universidad Javeriana', 'affiliation-city': 'Bogota', 'affiliation-country': 'Colombia'}]",Journal,ar,Article,12793,0,False,57226445944,"Giovanni Aguilar, Irene",,27,,,2,,,10781919,
SCOPUS_ID:85150304891,2-s2.0-85150304891,Supervision in Clinical Psychology: A review of Empirical Studies 2012-2021,Botero-García C.,Universitas Psychologica,,,2022-01-01,2022,10.11144/Javeriana.upsy21.spcr,0,"[{'@_fa': 'true', 'affilname': 'Pontificia Universidad Javeriana', 'affiliation-city': 'Bogota', 'affiliation-country': 'Colombia'}]",Journal,ar,Article,7500153128,1,True,57287763700,"Giovanni Aguilar, Irene",20112777,21,"{'value': [{'$': 'all'}, {'$': 'publisherfullgold'}]}","{'value': [{'$': 'All Open Access'}, {'$': 'Gold'}]}",,,,16579267,
SCOPUS_ID:85116584217,2-s2.0-85116584217,Factors that Facilitate and Hinder the Reintegration Processes of Former Combatants and their Families,Giovanni I.,Universitas Psychologica,,1-17,2020-01-01,2020,10.11144/JAVERIANA.UPSY19.FFDP,0,"[{'@_fa': 'true', 'affilname': 'Pontificia Universidad Javeriana', 'affiliation-city': 'Bogota', 'affiliation-country': 'Colombia'}]",Journal,ar,Article,7500153128,1,True,57287763700,"Giovanni Aguilar, Irene",20112777,19,"{'value': [{'$': 'all'}, {'$': 'publisherfullgold'}]}","{'value': [{'$': 'All Open Access'}, {'$': 'Gold'}]}",,,,16579267,
SCOPUS_ID:85045882994,2-s2.0-85045882994,A monthly regional indicator of economic activity: An application for Latin America,Vidal P.,Latin American Research Review,,589-605,2017-01-01,2017,10.25222/larr.38,2,"[{'@_fa': 'true', 'affilname': 'Pontificia Universidad Javeriana, Cali', 'affiliation-city': 'Cali', 'affiliation-country': 'Colombia'}]",Journal,ar,Article,27733,1,True,57192414185,"Collazos Aldana, Jaime",15424278,52,"{'value': [{'$': 'all'}, {'$': 'publisherfullgold'}]}","{'value': [{'$': 'All Open Access'}, {'$': 'Gold'}]}",4,,,00238791,
SCOPUS_ID:85006251421,2-s2.0-85006251421,"Mental Problems, Mood and Anxiety Disorders in The Population Displaced by Violence in Colombia; Results of The National Mental Health Survey 2015",Tamayo Martínez N.,Revista Colombiana de Psiquiatria,,113-118,2016-12-01,1 December 2016,10.1016/j.rcp.2016.09.004,22,"[{'@_fa': 'true', 'affilname': 'Pontificia Universidad Javeriana', 'affiliation-city': 'Bogota', 'affiliation-country': 'Colombia'}]",Journal,ar,Article,35694,0,False,57192414185,"Collazos Aldana, Jaime",,45,"{'value': [{'$': 'all'}, {'$': 'repository'}, {'$': 'repositoryvor'}]}","{'value': [{'$': 'All Open Access'}, {'$': 'Green'}]}",,,27993245,00347450,S0034745016300889
SCOPUS_ID:85049339161,2-s2.0-85049339161,Study on demonstrative evidence and the use of protocols in cases of child sexual abuse in Colombia,Cely L.,Revista Criminalidad,,133-151,2018-01-01,January-April 2018,,0,"[{'@_fa': 'true', 'affilname': 'Pontificia Universidad Javeriana', 'affiliation-city': 'Bogota', 'affiliation-country': 'Colombia'}]",Journal,ar,Article,21100812388,0,False,57202787139,"Rodriguez Cely, Leonardo Alberto",22565531,60,,,1,,,17943108,
SCOPUS_ID:85103132925,2-s2.0-85103132925,Design of a Questionnaire for Psychosocial and Complaint Characterisation in University Psychological Assistance Centres,Llamas T.C.,Universitas Psychologica,,1-12,2020-01-01,2020,10.11144/Javeriana.upsy19.dccp,0,"[{'@_fa': 'true', 'affilname': 'Pontificia Universidad Javeriana', 'affiliation-city': 'Bogota', 'affiliation-country': 'Colombia'}]",Journal,ar,Article,7500153128,1,True,57215083227,"Silva Martin, Luis Manuel",20112777,19,"{'value': [{'$': 'all'}, {'$': 'publisherfree2read'}]}","{'value': [{'$': 'All Open Access'}, {'$': 'Bronze'}]}",,,,16579267,
SCOPUS_ID:85079860028,2-s2.0-85079860028,Psychosocial characterization and reasons for consultation of the population attending 28 University Centers for psychological care in Colombia,Llamas T.C.,Universitas Psychologica,,1-23,2019-01-01,2019,10.11144/Javeriana.upsy18-4.cpmc,2,"[{'@_fa': 'true', 'affilname': 'Pontificia Universidad Javeriana', 'affiliation-city': 'Bogota', 'affiliation-country': 'Colombia'}]",Journal,ar,Article,7500153128,1,True,57215083227,"Silva Martin, Luis Manuel",20112777,18,"{'value': [{'$': 'all'}, {'$': 'publisherfree2read'}]}","{'value': [{'$': 'All Open Access'}, {'$': 'Bronze'}]}",4,,,16579267,
SCOPUS_ID:85149000426,2-s2.0-85149000426,International Collaboration in Latin American Psychology Through the Analysis of Co-authorship Networks,López-López W.,Trends in Psychology,,,2023-01-01,2023,10.1007/s43076-023-00266-y,0,"[{'@_fa': 'true', 'affilname': 'Pontificia Universidad Javeriana', 'affiliation-city': 'Bogota', 'affiliation-country': 'Colombia'}]",Journal,ar,Article,21100860733,1,True,36601412800,"Silva Martin, Luis Manuel",,,"{'value': [{'$': 'all'}, {'$': 'publisherhybridgold'}]}","{'value': [{'$': 'All Open Access'}, {'$': 'Hybrid Gold'}]}",,,,23581883,
SCOPUS_ID:85122221744,2-s2.0-85122221744,Perceived health and quality of life factors at the beginning of university education in Colombia,Bravo F.,Acta Colombiana de Psicologia,,59-68,2021-07-01,July-December 2021,10.14718/ACP.2021.24.2.6,0,"[{'@_fa': 'true', 'affilname': 'Pontificia Universidad Javeriana, Cali', 'affiliation-city': 'Cali', 'affiliation-country': 'Colombia'}]",Journal,ar,Article,10600153356,1,True,36601412800,"Silva Martin, Luis Manuel",19099711,24,"{'value': [{'$': 'all'}, {'$': 'publisherfullgold'}, {'$': 'repository'}, {'$': 'repositoryam'}]}","{'value': [{'$': 'All Open Access'}, {'$': 'Gold'}, {'$': 'Green'}]}",2,,,01239155,
SCOPUS_ID:85100122443,2-s2.0-85100122443,Preference towards restorative and retributive justice and its relation to the level of moral competence,Gutiérrez-Romero M.F.,Suma Psicologica,,107-115,2020-01-01,2020,10.14349/sumapsi.2020.v27.n2.5,2,"[{'@_fa': 'true', 'affilname': 'Pontificia Universidad Javeriana', 'affiliation-city': 'Bogota', 'affiliation-country': 'Colombia'}]",Journal,ar,Article,19700188499,1,True,36601412800,"Silva Martin, Luis Manuel",21459797,27,"{'value': [{'$': 'all'}, {'$': 'publisherhybridgold'}, {'$': 'repository'}, {'$': 'repositoryvor'}]}","{'value': [{'$': 'All Open Access'}, {'$': 'Hybrid Gold'}, {'$': 'Green'}]}",2,,,01214381,
SCOPUS_ID:84954311307,2-s2.0-84954311307,Psychological research collaboration and visibility in Iberoamerica,López-López W.,Psicologia: Reflexao e Critica,,72-81,2015-01-01,2015,10.1590/1678-7153.20152840011,20,"[{'@_fa': 'true', 'affilname': 'Pontificia Universidad Javeriana', 'affiliation-city': 'Bogota', 'affiliation-country': 'Colombia'}]",Journal,ar,Article,5000155903,1,True,36601412800,"Silva Martin, Luis Manuel",16787153,28,"{'value': [{'$': 'all'}, {'$': 'publisherfullgold'}, {'$': 'repository'}, {'$': 'repositoryvor'}, {'$': 'repositoryam'}]}","{'value': [{'$': 'All Open Access'}, {'$': 'Gold'}, {'$': 'Green'}]}",,,,01027972,
SCOPUS_ID:84897888882,2-s2.0-84897888882,"Letter to the Editor: A Commentary on ""Referees Often Miss Obvious Errors in Computer and Electronic Publications"" (de Gloucester, 2013)",Silva L.,Accountability in Research,,328-329,2014-09-01,September 2014,10.1080/08989621.2013.861329,0,"[{'@_fa': 'true', 'affilname': 'Pontificia Universidad Javeriana', 'affiliation-city': 'Bogota', 'affiliation-country': 'Colombia'}]",Journal,le,Letter,18735,0,False,36601412800,"Silva Martin, Luis Manuel",15455815,21,,,5,,24625185,08989621,
SCOPUS_ID:84862220877,2-s2.0-84862220877,Cigarette smoking and cultural practices in university contexts,Novoa-Gómez M.,Revista Latinoamericana de Psicologia,,97-110,2012-01-01,2012,,8,"[{'@_fa': 'true', 'affilname': 'Pontificia Universidad Javeriana', 'affiliation-city': 'Bogota', 'affiliation-country': 'Colombia'}]",Journal,ar,Article,14730,0,False,36601412800,"Silva Martin, Luis Manuel",,44,,,1,,,01200534,
SCOPUS_ID:84862185907,2-s2.0-84862185907,"Metacontingency analysis of the ""justice and peace"" law (975/2005) in Colombia",Del Río Forero D.,Revista Latinoamericana de Psicologia,,149-157,2012-01-01,2012,,2,"[{'@_fa': 'true', 'affilname': 'Pontificia Universidad Javeriana', 'affiliation-city': 'Bogota', 'affiliation-country': 'Colombia'}]",Journal,ar,Article,14730,0,False,36601412800,"Silva Martin, Luis Manuel",,44,,,1,,,01200534,
SCOPUS_ID:80051570673,2-s2.0-80051570673,"Challenges for national and international collaboration in Latin-American Psychology: An analysis of the redalyc system, 2005-2007",López W.L.,Estudos de Psicologia (Natal),,17-22,2011-01-01,January/April 2011,10.1590/s1413-294x2011000100003,16,"[{'@_fa': 'true', 'affilname': 'Pontificia Universidad Javeriana', 'affiliation-city': 'Bogota', 'affiliation-country': 'Colombia'}, {'@_fa': 'true', 'affilname': 'Universidad de Santiago de Compostela', 'affiliation-city': 'Santiago de Compostela', 'affiliation-country': 'Spain'}]",Journal,ar,Article,5400152702,1,True,36601412800,"Silva Martin, Luis Manuel",16784669,16,"{'value': [{'$': 'all'}, {'$': 'publisherfullgold'}, {'$': 'repository'}, {'$': 'repositoryvor'}]}","{'value': [{'$': 'All Open Access'}, {'$': 'Gold'}, {'$': 'Green'}]}",1,,,1413294X,
SCOPUS_ID:80051558665,2-s2.0-80051558665,"General overview of academic production in Colombian psychology indexed by psicoredalyc, 2005-2007",López W.,Acta Colombiana de Psicologia,,35-46,2010-01-01,July/Dec. 2010,,15,"[{'@_fa': 'true', 'affilname': 'Pontificia Universidad Javeriana', 'affiliation-city': 'Bogota', 'affiliation-country': 'Colombia'}]",Journal,ar,Article,10600153356,0,False,36601412800,"Silva Martin, Luis Manuel",19099711,13,,,2,,,01239155,
SCOPUS_ID:77958522423,2-s2.0-77958522423,"Overview of the academic production in Latin American psychology, 2005-2007",López W.L.,Papeles del Psicologo,,296-309,2010-01-01,2010,,16,"[{'@_fa': 'true', 'affilname': 'Pontificia Universidad Javeriana', 'affiliation-city': 'Bogota', 'affiliation-country': 'Colombia'}]",Journal,ar,Article,5300152520,0,False,36601412800,"Silva Martin, Luis Manuel",,31,,,3,,,02147823,
SCOPUS_ID:85089018548,2-s2.0-85089018548,Maternal emotional regulation strategies with infants in stressful episodes: Using maternal singing,Carbonell Blanco O.A.,Universitas Psychologica,,1-15,2019-01-01,2019,10.11144/Javeriana.upsy18-5.erem,0,"[{'@_fa': 'true', 'affilname': 'Pontificia Universidad Javeriana', 'affiliation-city': 'Bogota', 'affiliation-country': 'Colombia'}]",Journal,ar,Article,7500153128,1,True,36933974000,"Bermudez Jaimes, Milton Eduardo",20112777,18,"{'value': [{'$': 'all'}, {'$': 'publisherfree2read'}]}","{'value': [{'$': 'All Open Access'}, {'$': 'Bronze'}]}",5,,,16579267,
SCOPUS_ID:84907157386,2-s2.0-84907157386,Social comprehension and language: Two domains?,Bermu´dez-Jaimes M.,Universitas Psychologica,,347-358,2014-01-01,2014,10.11144/ Javer iana.UPSY13-1.csld,0,"[{'@_fa': 'true', 'affilname': 'Pontificia Universidad Javeriana', 'affiliation-city': 'Bogota', 'affiliation-country': 'Colombia'}]",Journal,ar,Article,7500153128,0,False,36933974000,"Bermudez Jaimes, Milton Eduardo",,13,,,1,,,16579267,
SCOPUS_ID:79551658162,2-s2.0-79551658162,False belief and semantic language development in children aged 2 to 4 years,Bermúdez-Jaimes M.E.,Universitas Psychologica,,849-862,2010-01-01,2010,10.11144/javeriana.upsy9-3.fcds,2,"[{'@_fa': 'true', 'affilname': 'Pontificia Universidad Javeriana', 'affiliation-city': 'Bogota', 'affiliation-country': 'Colombia'}]",Journal,ar,Article,7500153128,1,True,36933974000,"Bermudez Jaimes, Milton Eduardo",,9,"{'value': [{'$': 'all'}, {'$': 'publisherfree2read'}, {'$': 'repository'}, {'$': 'repositoryam'}]}","{'value': [{'$': 'All Open Access'}, {'$': 'Bronze'}, {'$': 'Green'}]}",3,,,16579267,
SCOPUS_ID:85106621133,2-s2.0-85106621133,Design and Validation of the Instrument to Assess Narrative Quality in Fictional Oral Stories Created with Attachment Script Assessment,González-Romero N.,Ikala,,395-412,2021-05-01,May 2021,10.17533/udea.ikala.v26n2a07,0,"[{'@_fa': 'true', 'affilname': 'Pontificia Universidad Javeriana', 'affiliation-city': 'Bogota', 'affiliation-country': 'Colombia'}]",Journal,ar,Article,19700169822,1,True,6507268443,"Carbonell Blanco, Olga Alicia Maria",,26,"{'value': [{'$': 'all'}, {'$': 'publisherfullgold'}, {'$': 'repository'}, {'$': 'repositoryvor'}, {'$': 'repositoryam'}]}","{'value': [{'$': 'All Open Access'}, {'$': 'Gold'}, {'$': 'Green'}]}",2,,,01233432,
SCOPUS_ID:85089018548,2-s2.0-85089018548,Maternal emotional regulation strategies with infants in stressful episodes: Using maternal singing,Carbonell Blanco O.A.,Universitas Psychologica,,1-15,2019-01-01,2019,10.11144/Javeriana.upsy18-5.erem,0,"[{'@_fa': 'true', 'affilname': 'Pontificia Universidad Javeriana', 'affiliation-city': 'Bogota', 'affiliation-country': 'Colombia'}]",Journal,ar,Article,7500153128,1,True,6507268443,"Carbonell Blanco, Olga Alicia Maria",20112777,18,"{'value': [{'$': 'all'}, {'$': 'publisherfree2read'}]}","{'value': [{'$': 'All Open Access'}, {'$': 'Bronze'}]}",5,,,16579267,
SCOPUS_ID:84991067577,2-s2.0-84991067577,Maternal care and attachment security in the first year of life,Nóblega M.,Universitas Psychologica,,245-260,2016-01-01,2016,10.11144/Javeriana.upsy15-1.cmsa,9,"[{'@_fa': 'true', 'affilname': 'Pontificia Universidad Catolica del Peru', 'affiliation-city': 'Lima', 'affiliation-country': 'Peru'}, {'@_fa': 'true', 'affilname': 'Pontificia Universidad Javeriana', 'affiliation-city': 'Bogota', 'affiliation-country': 'Colombia'}]",Journal,ar,Article,7500153128,1,True,6507268443,"Carbonell Blanco, Olga Alicia Maria",,15,"{'value': [{'$': 'all'}, {'$': 'publisherhybridgold'}, {'$': 'repository'}, {'$': 'repositoryvor'}, {'$': 'repositoryam'}]}","{'value': [{'$': 'All Open Access'}, {'$': 'Hybrid Gold'}, {'$': 'Green'}]}",1,,,16579267,
SCOPUS_ID:79551673560,2-s2.0-79551673560,Quality of maternal care: A comparison of preterm infants in kangaroo mother care and full-term infants in regular care,Carbonell O.A.,Universitas Psychologica,,773-786,2010-01-01,2010,10.11144/javeriana.upsy9-3.ccmc,8,"[{'@_fa': 'true', 'affilname': 'Pontificia Universidad Javeriana', 'affiliation-city': 'Bogota', 'affiliation-country': 'Colombia'}]",Journal,ar,Article,7500153128,1,True,6507268443,"Carbonell Blanco, Olga Alicia Maria",,9,"{'value': [{'$': 'all'}, {'$': 'publisherfree2read'}, {'$': 'repository'}, {'$': 'repositoryam'}]}","{'value': [{'$': 'All Open Access'}, {'$': 'Bronze'}, {'$': 'Green'}]}",3,,,16579267,
SCOPUS_ID:79551680270,2-s2.0-79551680270,Reflections on the relationship between neuroscience and psychoanalysis,Castellanos S.,Universitas Psychologica,,729-736,2010-01-01,2010,10.11144/javeriana.upsy9-3.rrnp,1,"[{'@_fa': 'true', 'affilname': 'Pontificia Universidad Javeriana', 'affiliation-city': 'Bogota', 'affiliation-country': 'Colombia'}]",Journal,ar,Article,7500153128,1,True,24069980200,"Castellanos Urrego, Sergio Guillermo",,9,"{'value': [{'$': 'all'}, {'$': 'publisherfree2read'}]}","{'value': [{'$': 'All Open Access'}, {'$': 'Bronze'}]}",3,,,16579267,
SCOPUS_ID:42149120283,2-s2.0-42149120283,"""Franja T"" as group psychotherapeutic intervention in mental health institutions in Colombia",Castellanos S.,Universitas Psychologica,,359-370,2007-12-01,2007,,0,"[{'@_fa': 'true', 'affilname': 'Pontificia Universidad Javeriana', 'affiliation-city': 'Bogota', 'affiliation-country': 'Colombia'}]",Journal,ar,Article,7500153128,0,False,24069980200,"Castellanos Urrego, Sergio Guillermo",,6,,,2,,,16579267,
SCOPUS_ID:85150252274,2-s2.0-85150252274,Telepsychology in an University Psychological Care Center during COVID-19: Consultants and Students’ Experiences,Llamas T.C.,Universitas Psychologica,,,2022-01-01,2022,10.11144/Javeriana.upsy21.tcap,0,"[{'@_fa': 'true', 'affilname': 'Pontificia Universidad Javeriana', 'affiliation-city': 'Bogota', 'affiliation-country': 'Colombia'}]",Journal,ar,Article,7500153128,1,True,57215082906,"Colon Llamas, Vera Tatiana",20112777,21,"{'value': [{'$': 'all'}, {'$': 'publisherfullgold'}]}","{'value': [{'$': 'All Open Access'}, {'$': 'Gold'}]}",,,,16579267,
SCOPUS_ID:85103132925,2-s2.0-85103132925,Design of a Questionnaire for Psychosocial and Complaint Characterisation in University Psychological Assistance Centres,Llamas T.C.,Universitas Psychologica,,1-12,2020-01-01,2020,10.11144/Javeriana.upsy19.dccp,0,"[{'@_fa': 'true', 'affilname': 'Pontificia Universidad Javeriana', 'affiliation-city': 'Bogota', 'affiliation-country': 'Colombia'}]",Journal,ar,Article,7500153128,1,True,57215082906,"Colon Llamas, Vera Tatiana",20112777,19,"{'value': [{'$': 'all'}, {'$': 'publisherfree2read'}]}","{'value': [{'$': 'All Open Access'}, {'$': 'Bronze'}]}",,,,16579267,
SCOPUS_ID:85079860028,2-s2.0-85079860028,Psychosocial characterization and reasons for consultation of the population attending 28 University Centers for psychological care in Colombia,Llamas T.C.,Universitas Psychologica,,1-23,2019-01-01,2019,10.11144/Javeriana.upsy18-4.cpmc,2,"[{'@_fa': 'true', 'affilname': 'Pontificia Universidad Javeriana', 'affiliation-city': 'Bogota', 'affiliation-country': 'Colombia'}]",Journal,ar,Article,7500153128,1,True,57215082906,"Colon Llamas, Vera Tatiana",20112777,18,"{'value': [{'$': 'all'}, {'$': 'publisherfree2read'}]}","{'value': [{'$': 'All Open Access'}, {'$': 'Bronze'}]}",4,,,16579267,
SCOPUS_ID:85149000426,2-s2.0-85149000426,International Collaboration in Latin American Psychology Through the Analysis of Co-authorship Networks,López-López W.,Trends in Psychology,,,2023-01-01,2023,10.1007/s43076-023-00266-y,0,"[{'@_fa': 'true', 'affilname': 'Pontificia Universidad Javeriana', 'affiliation-city': 'Bogota', 'affiliation-country': 'Colombia'}]",Journal,ar,Article,21100860733,1,True,57215221073,"Lopez Lopez, Wilson",,,"{'value': [{'$': 'all'}, {'$': 'publisherhybridgold'}]}","{'value': [{'$': 'All Open Access'}, {'$': 'Hybrid Gold'}]}",,,,23581883,
SCOPUS_ID:85136235454,2-s2.0-85136235454,Comparison of the performance of cognitive tests in Parkinson Disease patients with and without Deep Brain Stimulation,Martinez-Martinez A.,Revista CES Psicologia,,1-22,2022-05-20,20 May 2022,10.21615/cesp.5896,0,"[{'@_fa': 'true', 'affilname': 'Pontificia Universidad Javeriana', 'affiliation-city': 'Bogota', 'affiliation-country': 'Colombia'}]",Journal,ar,Article,21100901169,1,True,57215221073,"Lopez Lopez, Wilson",20113080,15,"{'value': [{'$': 'all'}, {'$': 'publisherfullgold'}]}","{'value': [{'$': 'All Open Access'}, {'$': 'Gold'}]}",2,,,,
SCOPUS_ID:85150251153,2-s2.0-85150251153,Veinte años tejiendo un libro infinito: Universitas Psychologica,López-López W.,Universitas Psychologica,,,2022-01-01,2022,10.11144/Javeriana.upsy21.vatl,0,"[{'@_fa': 'true', 'affilname': 'Pontificia Universidad Javeriana', 'affiliation-city': 'Bogota', 'affiliation-country': 'Colombia'}]",Journal,ar,Article,7500153128,1,True,57215221073,"Lopez Lopez, Wilson",20112777,21,"{'value': [{'$': 'all'}, {'$': 'publisherfullgold'}]}","{'value': [{'$': 'All Open Access'}, {'$': 'Gold'}]}",,,,16579267,
SCOPUS_ID:85150245850,2-s2.0-85150245850,Measuring Mental Health Indicators of Armed Conflict Population in Colombia: Scoping Review,López-López W.,Universitas Psychologica,,,2022-01-01,2022,10.11144/Javeriana.upsy21.mism,0,"[{'@_fa': 'true', 'affilname': 'Pontificia Universidad Javeriana', 'affiliation-city': 'Bogota', 'affiliation-country': 'Colombia'}]",Journal,ar,Article,7500153128,1,True,57215221073,"Lopez Lopez, Wilson",20112777,21,"{'value': [{'$': 'all'}, {'$': 'publisherfullgold'}]}","{'value': [{'$': 'All Open Access'}, {'$': 'Gold'}]}",,,,16579267,
SCOPUS_ID:85128300849,2-s2.0-85128300849,Analysis of production and collaboration networks in doctoral programs in psychology in Colombia,López-López W.,Acta Colombiana de Psicologia,,151-182,2022-01-01,Jan./June 2022,10.14718/ACP.2022.25.1.11,3,"[{'@_fa': 'true', 'affilname': 'Pontificia Universidad Javeriana', 'affiliation-city': 'Bogota', 'affiliation-country': 'Colombia'}]",Journal,ar,Article,10600153356,1,True,57215221073,"Lopez Lopez, Wilson",19099711,22,"{'value': [{'$': 'all'}, {'$': 'publisherfullgold'}, {'$': 'repository'}, {'$': 'repositoryam'}]}","{'value': [{'$': 'All Open Access'}, {'$': 'Gold'}, {'$': 'Green'}]}",1,,,01239155,
SCOPUS_ID:85111955407,2-s2.0-85111955407,Social representations on justice: A comparative study in Colombian schoolchildren,Gutiérrez-Romero M.F.,Revista de Psicologia (Peru),,655-686,2021-01-01,2021,10.18800/PSICO.202102.006,0,"[{'@_fa': 'true', 'affilname': 'Pontificia Universidad Javeriana', 'affiliation-city': 'Bogota', 'affiliation-country': 'Colombia'}]",Journal,re,Review,21100469663,1,True,57215221073,"Lopez Lopez, Wilson",22233733,39,"{'value': [{'$': 'all'}, {'$': 'publisherfullgold'}, {'$': 'repository'}, {'$': 'repositoryam'}]}","{'value': [{'$': 'All Open Access'}, {'$': 'Gold'}, {'$': 'Green'}]}",2,,,02549247,
SCOPUS_ID:85106583329,2-s2.0-85106583329,Bibliometric analysis of COVID-19 editorial materials in the beginning stage of the pandemic,López-López W.,Malaysian Journal of Library and Information Science,,103-116,2021-01-01,2021,10.22452/mjlis.vol26no1.6,2,"[{'@_fa': 'true', 'affilname': 'Pontificia Universidad Javeriana', 'affiliation-city': 'Bogota', 'affiliation-country': 'Colombia'}]",Journal,ar,Article,7600153106,1,True,57215221073,"Lopez Lopez, Wilson",,26,"{'value': [{'$': 'all'}, {'$': 'publisherfree2read'}]}","{'value': [{'$': 'All Open Access'}, {'$': 'Bronze'}]}",1,,,13946234,
SCOPUS_ID:85102078227,2-s2.0-85102078227,"History, difficulties, and challenges of the ibero-american federation of psychology associations",López-López W.,Papeles del Psicologo,,67-78,2021-01-01,2021,10.23923/pap.psicol2021.2951,4,"[{'@_fa': 'true', 'affilname': 'Pontificia Universidad Javeriana', 'affiliation-city': 'Bogota', 'affiliation-country': 'Colombia'}]",Journal,ar,Article,5300152520,1,True,57215221073,"Lopez Lopez, Wilson",,42,"{'value': [{'$': 'all'}, {'$': 'publisherfree2read'}, {'$': 'repository'}, {'$': 'repositoryam'}]}","{'value': [{'$': 'All Open Access'}, {'$': 'Bronze'}, {'$': 'Green'}]}",1,,,02147823,
SCOPUS_ID:85091764158,2-s2.0-85091764158,Disease patients' performance in parkinson of mind (Tom) and decision-making tasks theory and without deep brain stimulation (dbs) with,Laura O.B.,Terapia Psicologica,,259-282,2020-06-01,June 2020,10.4067/S0718-48082020000200259,1,"[{'@_fa': 'true', 'affilname': 'Pontificia Universidad Javeriana', 'affiliation-city': 'Bogota', 'affiliation-country': 'Colombia'}]",Journal,ar,Article,12400154709,1,True,57215221073,"Lopez Lopez, Wilson",07184808,38,"{'value': [{'$': 'all'}, {'$': 'publisherfullgold'}]}","{'value': [{'$': 'All Open Access'}, {'$': 'Gold'}]}",2,,,07166184,
SCOPUS_ID:85103086101,2-s2.0-85103086101,Publications on COVID-19 in High Impact Factor Journals: A Bibliometric Analysis,López-López W.,Universitas Psychologica,,1-12,2020-01-01,2020,10.11144/Javeriana.upsy19.pchi,10,"[{'@_fa': 'true', 'affilname': 'Pontificia Universidad Javeriana', 'affiliation-city': 'Bogota', 'affiliation-country': 'Colombia'}]",Journal,ar,Article,7500153128,1,True,57215221073,"Lopez Lopez, Wilson",20112777,19,"{'value': [{'$': 'all'}, {'$': 'publisherfullgold'}]}","{'value': [{'$': 'All Open Access'}, {'$': 'Gold'}]}",,,,16579267,
SCOPUS_ID:85100122443,2-s2.0-85100122443,Preference towards restorative and retributive justice and its relation to the level of moral competence,Gutiérrez-Romero M.F.,Suma Psicologica,,107-115,2020-01-01,2020,10.14349/sumapsi.2020.v27.n2.5,2,"[{'@_fa': 'true', 'affilname': 'Pontificia Universidad Javeriana', 'affiliation-city': 'Bogota', 'affiliation-country': 'Colombia'}]",Journal,ar,Article,19700188499,1,True,57215221073,"Lopez Lopez, Wilson",21459797,27,"{'value': [{'$': 'all'}, {'$': 'publisherhybridgold'}, {'$': 'repository'}, {'$': 'repositoryvor'}]}","{'value': [{'$': 'All Open Access'}, {'$': 'Hybrid Gold'}, {'$': 'Green'}]}",2,,,01214381,
SCOPUS_ID:85075173564,2-s2.0-85075173564,¿Qué es un editor de una revista científica en América Latina?,López-López W.,Universitas Psychologica,,1-4,2019-01-01,2019,10.11144/Javeriana.upsy18-3.qerc,3,"[{'@_fa': 'true', 'affilname': 'Pontificia Universidad Javeriana', 'affiliation-city': 'Bogota', 'affiliation-country': 'Colombia'}]",Journal,ar,Article,7500153128,1,True,7004217890,"Lopez Lopez, Wilson",20112777,18,"{'value': [{'$': 'all'}, {'$': 'publisherfree2read'}]}","{'value': [{'$': 'All Open Access'}, {'$': 'Bronze'}]}",3,,,16579267,
SCOPUS_ID:85072753636,2-s2.0-85072753636,The ecosystems of research and visibility: Inspiring histories and uncertain realities,López W.L.,Universitas Psychologica,,1-2,2019-01-01,2019,10.11144/Javeriana.upsy18-2.eivh,0,"[{'@_fa': 'true', 'affilname': 'Pontificia Universidad Javeriana', 'affiliation-city': 'Bogota', 'affiliation-country': 'Colombia'}]",Journal,ar,Article,7500153128,1,True,7004217890,"Lopez Lopez, Wilson",20112777,18,"{'value': [{'$': 'all'}, {'$': 'publisherfullgold'}, {'$': 'repository'}, {'$': 'repositoryam'}]}","{'value': [{'$': 'All Open Access'}, {'$': 'Gold'}, {'$': 'Green'}]}",2,,,16579267,
SCOPUS_ID:85063608691,2-s2.0-85063608691,Scientific communication and public policy: Is a public policy based on evidence possible?,López W.L.,Universitas Psychologica,,1-3,2019-01-01,2019,10.11144/Javeriana.upsy18-1.ccpp,2,"[{'@_fa': 'true', 'affilname': 'Pontificia Universidad Javeriana', 'affiliation-city': 'Bogota', 'affiliation-country': 'Colombia'}]",Journal,ar,Article,7500153128,1,True,7004217890,"Lopez Lopez, Wilson",20112777,18,"{'value': [{'$': 'all'}, {'$': 'publisherfullgold'}]}","{'value': [{'$': 'All Open Access'}, {'$': 'Gold'}]}",1,,,16579267,
SCOPUS_ID:85062689875,2-s2.0-85062689875,Reconciliation sentiment among former perpetrators of violence during the Colombian armed conflict,López López W.,Conflict Resolution Quarterly,,163-175,2018-12-01,Winter 2018,10.1002/crq.21232,7,"[{'@_fa': 'true', 'affilname': 'Pontificia Universidad Javeriana', 'affiliation-city': 'Bogota', 'affiliation-country': 'Colombia'}]",Journal,ar,Article,145657,0,False,7004217890,"Lopez Lopez, Wilson",15411508,36,,,2,,,15365581,
SCOPUS_ID:85059241824,2-s2.0-85059241824,Social-psychological repertoire of the colombian conflict in the presidential discourse of Juan Manuel Santos,López-López W.,Interamerican Journal of Psychology,,236-248,2018-05-01,May-Aug 2018,,1,"[{'@_fa': 'true', 'affilname': 'Pontificia Universidad Javeriana', 'affiliation-city': 'Bogota', 'affiliation-country': 'Colombia'}]",Journal,ar,Article,5700164134,0,False,7004217890,"Lopez Lopez, Wilson",,52,,,2,,,00349690,
SCOPUS_ID:85044862060,2-s2.0-85044862060,Forgiving former perpetrators of violence and reintegrating them into Colombian civil society: Noncombatant citizens' positions,López W.L.,Peace and Conflict,,201-215,2018-05-01,May 2018,10.1037/pac0000295,22,"[{'@_fa': 'true', 'affilname': 'Pontificia Universidad Javeriana', 'affiliation-city': 'Bogota', 'affiliation-country': 'Colombia'}]",Journal,ar,Article,12793,0,False,7004217890,"Lopez Lopez, Wilson",,24,,,2,,,10781919,
SCOPUS_ID:85059646477,2-s2.0-85059646477,Sobre la evaluación de la investigación y los investigadores: Criticas a las métricas y recomendaciones,López W.L.,Universitas Psychologica,,1-2,2018-01-01,2018,10.11144/Javeriana.upsy17-4.seii,6,"[{'@_fa': 'true', 'affilname': 'Pontificia Universidad Javeriana', 'affiliation-city': 'Bogota', 'affiliation-country': 'Colombia'}]",Journal,ar,Article,7500153128,1,True,7004217890,"Lopez Lopez, Wilson",20112777,17,"{'value': [{'$': 'all'}, {'$': 'publisherfree2read'}, {'$': 'repository'}, {'$': 'repositoryam'}]}","{'value': [{'$': 'All Open Access'}, {'$': 'Bronze'}, {'$': 'Green'}]}",4,,,16579267,
SCOPUS_ID:85046017706,2-s2.0-85046017706,The dynamics of knowledge: Their input to a world with more equity,López W.,Universitas Psychologica,,,2018-01-01,2018,,2,"[{'@_fa': 'true', 'affilname': 'Pontificia Universidad Javeriana', 'affiliation-city': 'Bogota', 'affiliation-country': 'Colombia'}]",Journal,ar,Article,7500153128,0,False,7004217890,"Lopez Lopez, Wilson",,17,,,2,,,16579267,
SCOPUS_ID:85043753295,2-s2.0-85043753295,A change in the conception of Academic Edition. From knowledge centered in products to knowledge oriented to services,López W.,Universitas Psychologica,,1-2,2018-01-01,2018,,3,"[{'@_fa': 'true', 'affilname': 'Pontificia Universidad Javeriana', 'affiliation-city': 'Bogota', 'affiliation-country': 'Colombia'}]",Journal,ar,Article,7500153128,0,False,7004217890,"Lopez Lopez, Wilson",,17,,,1,,,16579267,
SCOPUS_ID:85041850872,2-s2.0-85041850872,"Comprehensions of forgiveness, reconciliation and justice of victims of forced displacement in colombia",Castrillón-Guerrero L.,Revista de Estudios Sociales,,84-98,2018-01-01,January-March 2018,10.7440/res63.2018.07,12,"[{'@_fa': 'true', 'affilname': 'Pontificia Universidad Javeriana', 'affiliation-city': 'Bogota', 'affiliation-country': 'Colombia'}]",Journal,ar,Article,5600155076,1,True,7004217890,"Lopez Lopez, Wilson",19005180,2018,"{'value': [{'$': 'all'}, {'$': 'publisherfullgold'}, {'$': 'repository'}, {'$': 'repositoryam'}]}","{'value': [{'$': 'All Open Access'}, {'$': 'Gold'}, {'$': 'Green'}]}",63,,,0123885X,
SCOPUS_ID:84976618906,2-s2.0-84976618906,"Mapping Colombian Citizens’ Views Regarding Ordinary Corruption: Threat, Bribery, and the Illicit Sharing of Confidential Information",López López W.,Social Indicators Research,,259-273,2017-08-01,1 August 2017,10.1007/s11205-016-1366-6,10,"[{'@_fa': 'true', 'affilname': 'Pontificia Universidad Javeriana', 'affiliation-city': 'Bogota', 'affiliation-country': 'Colombia'}]",Journal,ar,Article,19391,0,False,7004217890,"Lopez Lopez, Wilson",15730921,133,,,1,,,03038300,
SCOPUS_ID:85040132840,2-s2.0-85040132840,Can scientrometrics contribute to the assessment of intellectual production?,López W.L.,Universitas Psychologica,,1-2,2017-01-01,2017,,2,"[{'@_fa': 'true', 'affilname': 'Pontificia Universidad Javeriana', 'affiliation-city': 'Bogota', 'affiliation-country': 'Colombia'}]",Journal,ed,Editorial,7500153128,0,False,7004217890,"Lopez Lopez, Wilson",,16,,,4,,,16579267,
SCOPUS_ID:85048663430,2-s2.0-85048663430,Battered women lose their minds,Vila C.M.,Doing Things Differently: The Influence of Donald Meltzer on Psychoanalytic Theory and Practice,"[{'@_fa': 'true', '$': '9780429898655'}, {'@_fa': 'true', '$': '9781782204343'}]",222-231,2018-01-01,1 January 2018,10.4324/9780429473883,0,"[{'@_fa': 'true', 'affilname': 'Universidad Nacional de Colombia', 'affiliation-city': 'Bogota', 'affiliation-country': 'Colombia'}, {'@_fa': 'true', 'affilname': 'Pontificia Universidad Javeriana', 'affiliation-city': 'Bogota', 'affiliation-country': 'Colombia'}]",Book,ch,Book Chapter,21100864840,0,False,57202532348,"Munoz Vila, Cecilia Teresa",,,,,,,,,
SCOPUS_ID:85047491792,2-s2.0-85047491792,Kantor’s Interbehaviorism in Colombia,Peña-Correal T.,Psychological Record,,279-283,2018-06-01,1 June 2018,10.1007/s40732-018-0293-0,0,"[{'@_fa': 'true', 'affilname': 'Pontificia Universidad Javeriana', 'affiliation-city': 'Bogota', 'affiliation-country': 'Colombia'}]",Journal,ar,Article,13464,0,False,6507025689,"Pena Correal, Telmo Eduardo",21633452,68,,,2,,,00332933,
SCOPUS_ID:46749136785,2-s2.0-46749136785,An approximation to the characterization of psychic atmosphere as a psychic development factor in pregnant teenagers,Torres N.,Universitas Psychologica,,283-296,2008-01-01,January 2008,,0,"[{'@_fa': 'true', 'affilname': 'Pontificia Universidad Javeriana', 'affiliation-city': 'Bogota', 'affiliation-country': 'Colombia'}, {'@_fa': 'true', 'affilname': 'Facultad de Psicología', 'affiliation-city': 'Bogota', 'affiliation-country': 'Colombia'}]",Journal,ar,Article,7500153128,0,False,57205856244,"Torres Calderon, Nubia Esperanza",,7,,,1,,,16579267,
SCOPUS_ID:84994531669,2-s2.0-84994531669,"The Construction of a Mental Health Component for the National Survey: NMHS 2015, Colombia",de Santacruz C.,Revista Colombiana de Psiquiatria,,19-25,2016-12-01,1 December 2016,10.1016/j.rcp.2016.08.001,0,"[{'@_fa': 'true', 'affilname': 'Pontificia Universidad Javeriana', 'affiliation-city': 'Bogota', 'affiliation-country': 'Colombia'}]",Journal,ar,Article,35694,0,False,57191888659,"Torres Calderon, Nubia Esperanza",,45,"{'value': [{'$': 'all'}, {'$': 'repository'}, {'$': 'repositoryvor'}]}","{'value': [{'$': 'All Open Access'}, {'$': 'Green'}]}",,,27993251,00347450,S0034745016300762
